REE,0.0
HCM,0.0
FMC,0.99045
SFC,0.0
TCW,0.00955
VNR,0.0
